{
  "Total" : {
    "transaction" : "Total",
    "sampleCount" : 1000,
    "errorCount" : 0,
    "errorPct" : 0.0,
    "meanResTime" : 1391.4200000000005,
    "medianResTime" : 870.5,
    "minResTime" : 216.0,
    "maxResTime" : 6733.0,
    "pct1ResTime" : 3498.6,
    "pct2ResTime" : 4102.799999999999,
    "pct3ResTime" : 4835.170000000001,
    "throughput" : 57.85697755149271,
    "receivedKBytesPerSec" : 322.9056678141634,
    "sentKBytesPerSec" : 7.11912028465633
  },
  "HTTP Request" : {
    "transaction" : "HTTP Request",
    "sampleCount" : 1000,
    "errorCount" : 0,
    "errorPct" : 0.0,
    "meanResTime" : 1391.4200000000005,
    "medianResTime" : 870.5,
    "minResTime" : 216.0,
    "maxResTime" : 6733.0,
    "pct1ResTime" : 3498.6,
    "pct2ResTime" : 4102.799999999999,
    "pct3ResTime" : 4835.170000000001,
    "throughput" : 57.85697755149271,
    "receivedKBytesPerSec" : 322.9056678141634,
    "sentKBytesPerSec" : 7.11912028465633
  }
}